title	price	image	link
TEKKEN 8	$59.49	https://images.2game.com/boxshotcu/76813_TtUwQau7_full.jpg	https://2game.com/us/tekken-8
TEKKEN 8 - Deluxe Edition	$84.99	https://images.2game.com/boxshotcu/76814_odioUW42_full.jpg	https://2game.com/us/tekken-8-deluxe-edition
TEKKEN 8 - Ultimate Edition	$93.49	https://images.2game.com/boxshotcu/76815_CymRSJmQ_full.jpg	https://2game.com/us/tekken-8-ultimate-edition
TEKKEN 8	$59.49	https://2game.com/skin/frontend/v53game/default/images/placeholder.png	https://2game.com/us/tekken-8
TEKKEN 8 - Deluxe Edition	$84.99	https://2game.com/skin/frontend/v53game/default/images/placeholder.png	https://2game.com/us/tekken-8-deluxe-edition
TEKKEN 8 - Ultimate Edition	$93.49	https://2game.com/skin/frontend/v53game/default/images/placeholder.png	https://2game.com/us/tekken-8-ultimate-edition
Risk of Rain 2	$10.50	https://2game.com/skin/frontend/v53game/default/images/placeholder.png	https://2game.com/us/risk-of-rain-2-early-access
Devil May Cry HD Collection	$8.61	https://2game.com/skin/frontend/v53game/default/images/placeholder.png	https://2game.com/us/devil-may-cry-hd-collection
V Rising	$15.99	https://2game.com/skin/frontend/v53game/default/images/placeholder.png	https://2game.com/us/v-rising
Unrailed!	$3.50	https://2game.com/skin/frontend/v53game/default/images/placeholder.png	https://2game.com/us/unrailed
Overcooked! 2	$5.56	https://2game.com/skin/frontend/v53game/default/images/placeholder.png	https://2game.com/us/overcooked-2
Resident Evil 6	$4.44	https://2game.com/skin/frontend/v53game/default/images/placeholder.png	https://2game.com/us/resident-evil-6
Resident Evil 2 Deluxe Edition	$10.88	https://2game.com/skin/frontend/v53game/default/images/placeholder.png	https://2game.com/us/resident-evil-2-deluxe-edition
Resident Evil 2	$8.70	https://2game.com/skin/frontend/v53game/default/images/placeholder.png	https://2game.com/us/resident-evil-2
Risk of Rain 2: Survivors of the Void	$7.89	https://2game.com/skin/frontend/v53game/default/images/placeholder.png	https://2game.com/us/risk-of-rain-2-survivors-of-the-void
Assetto Corsa Competizione - GT2 Pack	$14.75	https://2game.com/skin/frontend/v53game/default/images/placeholder.png	https://2game.com/us/assetto-corsa-competizione-gt2-pack
A Little to the Left	$9.06	https://2game.com/skin/frontend/v53game/default/images/placeholder.png	https://2game.com/us/a-little-to-the-left
Resident Evil 5 Gold Edition	$6.53	https://2game.com/skin/frontend/v53game/default/images/placeholder.png	https://2game.com/us/resident-evil-5-gold-edition
Barotrauma	$12.25	https://2game.com/skin/frontend/v53game/default/images/placeholder.png	https://2game.com/us/barotrauma
Devil May Cry 4 Special Edition	$6.53	https://2game.com/skin/frontend/v53game/default/images/placeholder.png	https://2game.com/us/devil-may-cry-4-special-edition
Atomic Heart	$32.39	https://2game.com/skin/frontend/v53game/default/images/placeholder.png	https://2game.com/us/atomic-heart
Sid Meier’s Civilization® VI	$5.40	https://2game.com/skin/frontend/v53game/default/images/placeholder.png	https://2game.com/us/sid-meier-s-civilizationr-vi
Overcooked! All You Can Eat	$14.08	https://2game.com/skin/frontend/v53game/default/images/placeholder.png	https://2game.com/us/overcooked-all-you-can-eat
Resident Evil 5	$4.35	https://2game.com/skin/frontend/v53game/default/images/placeholder.png	https://2game.com/us/resident-evil-5
Crusader Kings III: Wards & Wardens	$3.99	https://2game.com/skin/frontend/v53game/default/images/placeholder.png	https://2game.com/us/crusader-kings-iii-wards-wardens
RESIDENT EVIL 7 Gold Edition	$13.63	https://2game.com/skin/frontend/v53game/default/images/placeholder.png	https://2game.com/us/resident-evil-7-gold-edition
Overcooked	$2.99	https://2game.com/skin/frontend/v53game/default/images/placeholder.png	https://2game.com/us/overcooked-row
Blasphemous	$5.50	https://2game.com/skin/frontend/v53game/default/images/placeholder.png	https://2game.com/us/blasphemous
Crusader Kings III: Tours & Tournaments	$19.10	https://2game.com/skin/frontend/v53game/default/images/placeholder.png	https://2game.com/us/crusader-kings-iii-tours-tournaments
Crusader Kings III: Friends & Foes	$3.14	https://2game.com/skin/frontend/v53game/default/images/placeholder.png	https://2game.com/us/crusader-kings-iii-friends-foes
Moving Out 2	$13.35	https://2game.com/skin/frontend/v53game/default/images/placeholder.png	https://2game.com/us/moving-out-2
DEAD RISING®	$5.22	https://2game.com/skin/frontend/v53game/default/images/placeholder.png	https://2game.com/us/dead-risingr
Thymesia	$13.19	https://2game.com/skin/frontend/v53game/default/images/placeholder.png	https://2game.com/us/thymesia
ULTIMATE MARVEL VS. CAPCOM 3	$6.53	https://2game.com/skin/frontend/v53game/default/images/placeholder.png	https://2game.com/us/ultimate-marvel-vs-capcom-3
Devil May Cry® 3 Special Edition	$4.35	https://2game.com/skin/frontend/v53game/default/images/placeholder.png	https://2game.com/us/devil-may-cryr-3-special-edition
Crusader Kings III Royal Edition	$45.22	https://2game.com/skin/frontend/v53game/default/images/placeholder.png	https://2game.com/us/crusader-kings-iii-royal-edition
SnowRunner	$14.84	https://2game.com/skin/frontend/v53game/default/images/placeholder.png	https://2game.com/us/snowrunner
New Cycle	$24.29	https://2game.com/skin/frontend/v53game/default/images/placeholder.png	https://2game.com/us/new-cycle
Atomic Heart - Premium Edition	$53.99	https://2game.com/skin/frontend/v53game/default/images/placeholder.png	https://2game.com/us/atomic-heart-premium-edition
NBA 2K24 Kobe Bryant Edition	$21.00	https://2game.com/skin/frontend/v53game/default/images/placeholder.png	https://2game.com/us/nba-2k24-kobe-bryant-edition
Endless Space® 2 - Definitive Edition	$16.99	https://2game.com/skin/frontend/v53game/default/images/placeholder.png	https://2game.com/us/endless-spacer-2-definitive-edition
Warhammer 40,000: Rogue Trader	NULL	https://2game.com/skin/frontend/v53game/default/images/placeholder.png	https://2game.com/us/warhammer-40-000-rogue-trader
GTFO	$23.99	https://2game.com/skin/frontend/v53game/default/images/placeholder.png	https://2game.com/us/gtfo
Crusader Kings III: Royal Court	$18.08	https://2game.com/skin/frontend/v53game/default/images/placeholder.png	https://2game.com/us/crusader-kings-iii-royal-court
Dead Rising 3 Apocalypse Edition	$7.83	https://2game.com/skin/frontend/v53game/default/images/placeholder.png	https://2game.com/us/dead-rising-3-apocalypse-edition
Last Train Home	$35.99	https://2game.com/skin/frontend/v53game/default/images/placeholder.png	https://2game.com/us/last-train-home
NBA 2K24 Black Mamba Edition	$35.00	https://2game.com/skin/frontend/v53game/default/images/placeholder.png	https://2game.com/us/nba-2k24-black-mamba-edition
DRAGON BALL XENOVERSE Bundle	$5.46	https://2game.com/skin/frontend/v53game/default/images/placeholder.png	https://2game.com/us/dragon-ball-xenoverse-bundle
Assetto Corsa Competizione - 2023 GT World Chal...	$8.18	https://2game.com/skin/frontend/v53game/default/images/placeholder.png	https://2game.com/us/assetto-corsa-competizione-2023-gt-world-challenge
Age of Darkness: Final Stand	$12.96	https://2game.com/skin/frontend/v53game/default/images/placeholder.png	https://2game.com/us/age-of-darkness-final-stand
Shift Happens	$1.12	https://2game.com/skin/frontend/v53game/default/images/placeholder.png	https://2game.com/us/shift-happens
MY HERO ONE'S JUSTICE 2 Deluxe Edition	$12.60	https://2game.com/skin/frontend/v53game/default/images/placeholder.png	https://2game.com/us/my-hero-one-s-justice-2-deluxe-edition
RESIDENT EVIL 7 biohazard Season Pass	$10.44	https://2game.com/skin/frontend/v53game/default/images/placeholder.png	https://2game.com/us/resident-evil-7-biohazard-season-pass
Risk of Rain Returns	$10.74	https://2game.com/skin/frontend/v53game/default/images/placeholder.png	https://2game.com/us/risk-of-rain-returns
GRAVEN	$18.48	https://2game.com/skin/frontend/v53game/default/images/placeholder.png	https://2game.com/us/graven
Trepang2	$17.88	https://2game.com/skin/frontend/v53game/default/images/placeholder.png	https://2game.com/us/trepang2
Moving Out	$5.50	https://2game.com/skin/frontend/v53game/default/images/placeholder.png	https://2game.com/us/moving-out
DRAGON BALL FighterZ – FighterZ Pass 2	$6.30	https://2game.com/skin/frontend/v53game/default/images/placeholder.png	https://2game.com/us/dragon-ball-fighterz-fighterz-pass-2
TEKKEN 7 - Definitive Edition	$12.01	https://2game.com/skin/frontend/v53game/default/images/placeholder.png	https://2game.com/us/tekken-7-definitive-edition
DRAGON BALL XENOVERSE 2 - Special Edition	$26.09	https://2game.com/skin/frontend/v53game/default/images/placeholder.png	https://2game.com/us/dragon-ball-xenoverse-2-special-edition
Resident Evil Village Gold Edition	$17.40	https://2game.com/skin/frontend/v53game/default/images/placeholder.png	https://2game.com/us/resident-evil-village-gold-edition
Batman™: Arkham VR	$4.45	https://2game.com/skin/frontend/v53game/default/images/placeholder.png	https://2game.com/us/batmantm-arkham-vr
Dead Rising 4	$6.53	https://2game.com/skin/frontend/v53game/default/images/placeholder.png	https://2game.com/us/dead-rising-4
Bulletstorm: Full Clip Edition	$3.16	https://2game.com/skin/frontend/v53game/default/images/placeholder.png	https://2game.com/us/bulletstorm-full-clip-edition
CryoFall	$2.80	https://2game.com/skin/frontend/v53game/default/images/placeholder.png	https://2game.com/us/cryofall
DRAGON BALL XENOVERSE 2 - HERO OF JUSTICE Pack Set	$7.14	https://2game.com/skin/frontend/v53game/default/images/placeholder.png	https://2game.com/us/dragon-ball-xenoverse-2-hero-of-justice-pack-set
Dead Rising 2	$5.22	https://2game.com/skin/frontend/v53game/default/images/placeholder.png	https://2game.com/us/dead-rising-2
MY HERO ONE'S JUSTICE 2	$5.04	https://2game.com/skin/frontend/v53game/default/images/placeholder.png	https://2game.com/us/my-hero-one-s-justice-2
A Little to the Left: Cupboards & Drawers	$5.39	https://2game.com/skin/frontend/v53game/default/images/placeholder.png	https://2game.com/us/a-little-to-the-left-cupboards-drawers
Marauders	$20.24	https://2game.com/skin/frontend/v53game/default/images/placeholder.png	https://2game.com/us/marauders
DRAGON BALL FighterZ – FighterZ Edition	$11.97	https://2game.com/skin/frontend/v53game/default/images/placeholder.png	https://2game.com/us/dragon-ball-fighter-z-fighterz-edition
DRAGON BALL FighterZ - FighterZ Pass	$8.43	https://2game.com/skin/frontend/v53game/default/images/placeholder.png	https://2game.com/us/dragon-ball-fighterz-fighterz-pass
Batman: Arkham Knight	$3.56	https://2game.com/skin/frontend/v53game/default/images/placeholder.png	https://2game.com/us/batman-arkham-knight
Insurgency: Sandstorm	$10.80	https://2game.com/skin/frontend/v53game/default/images/placeholder.png	https://2game.com/us/insurgency-sandstorm
Suicide Squad: Kill the Justice League - Deluxe...	$85.36	https://2game.com/skin/frontend/v53game/default/images/placeholder.png	https://2game.com/us/suicide-squad-kill-the-justice-league-deluxe-edition
Mafia: Trilogy	$17.82	https://2game.com/skin/frontend/v53game/default/images/placeholder.png	https://2game.com/us/mafia-trilogy
TEKKEN 7	$6.05	https://2game.com/skin/frontend/v53game/default/images/placeholder.png	https://2game.com/us/tekken-7
Resident Evil 0	$4.35	https://2game.com/skin/frontend/v53game/default/images/placeholder.png	https://2game.com/us/resident-evil-0
MY HERO ONE'S JUSTICE	$8.40	https://2game.com/skin/frontend/v53game/default/images/placeholder.png	https://2game.com/us/my-hero-one-s-justice
Marvel's Midnight Suns Legendary Edition	$30.00	https://2game.com/skin/frontend/v53game/default/images/placeholder.png	https://2game.com/us/marvel-s-midnight-suns-legendary-edition
End of Zoe	$5.22	https://2game.com/skin/frontend/v53game/default/images/placeholder.png	https://2game.com/us/end-of-zoe
GRAVEN – Deluxe Edition	$25.22	https://2game.com/skin/frontend/v53game/default/images/placeholder.png	https://2game.com/us/graven-deluxe-edition
DRAGON BALL FIGHTERZ - FighterZ Pass 3	$6.72	https://2game.com/skin/frontend/v53game/default/images/placeholder.png	https://2game.com/us/dragon-ball-fighterz-fighterz-pass-3
Like a Dragon: Infinite Wealth	$62.29	https://2game.com/skin/frontend/v53game/default/images/placeholder.png	https://2game.com/us/like-a-dragon-infinite-wealth
Suicide Squad: Kill the Justice League	$59.75	https://2game.com/skin/frontend/v53game/default/images/placeholder.png	https://2game.com/us/suicide-squad-kill-the-justice-league
Persona 3 Reload	$62.29	https://2game.com/skin/frontend/v53game/default/images/placeholder.png	https://2game.com/us/persona-3-reload
Friends vs Friends	$8.69	https://2game.com/skin/frontend/v53game/default/images/placeholder.png	https://2game.com/us/friends-vs-friends
Tribes of Midgard - Deluxe Edition	$8.05	https://2game.com/skin/frontend/v53game/default/images/placeholder.png	https://2game.com/us/tribes-of-midgard-deluxe-edition
Potion Tycoon	$6.00	https://2game.com/skin/frontend/v53game/default/images/placeholder.png	https://2game.com/us/potion-tycoon
V Rising - Sinister Evolution Pack	$7.99	https://2game.com/skin/frontend/v53game/default/images/placeholder.png	https://2game.com/us/v-rising-sinister-evolution-pack
Tropico 6 - Going Viral	$12.41	https://2game.com/skin/frontend/v53game/default/images/placeholder.png	https://2game.com/us/tropico-6-going-viral
Persona 3 Reload Digital Premium Edition	$88.99	https://2game.com/skin/frontend/v53game/default/images/placeholder.png	https://2game.com/us/persona-3-reload-digital-premium-edition
Tribes of Midgard	$5.37	https://2game.com/skin/frontend/v53game/default/images/placeholder.png	https://2game.com/us/tribes-of-midgard
Wobbledogs	$6.12	https://2game.com/skin/frontend/v53game/default/images/placeholder.png	https://2game.com/us/wobbledogs
TEKKEN 8	$59.49	https://images.2game.com/boxshotcu/76813_TtUwQau7_full.jpg	https://2game.com/us/tekken-8
TEKKEN 8 - Deluxe Edition	$84.99	https://images.2game.com/boxshotcu/76814_odioUW42_full.jpg	https://2game.com/us/tekken-8-deluxe-edition
Resident Evil Village - Winters’ Expansion	$8.70	https://2game.com/skin/frontend/v53game/default/images/placeholder.png	https://2game.com/us/resident-evil-village-winters-expansion
Spirit of the Island - Adventureland	$2.20	https://2game.com/skin/frontend/v53game/default/images/placeholder.png	https://2game.com/us/spirit-of-the-island-adventureland
Pathfinder: Wrath of the Righteous - Season Pass	$6.96	https://2game.com/skin/frontend/v53game/default/images/placeholder.png	https://2game.com/us/pathfinder-wrath-of-the-righteous-season-pass
Dead Rising 2: Off the Record	$5.22	https://2game.com/skin/frontend/v53game/default/images/placeholder.png	https://2game.com/us/dead-rising-2-off-the-record
Necromunda: Underhive Wars - Gold Edition	$9.45	https://2game.com/skin/frontend/v53game/default/images/placeholder.png	https://2game.com/us/necromunda-underhive-wars-gold-edition
Jujutsu Kaisen Cursed Clash	$53.99	https://2game.com/skin/frontend/v53game/default/images/placeholder.png	https://2game.com/us/jujutsu-kaisen-cursed-clash
HUMANKIND™	$9.00	https://2game.com/skin/frontend/v53game/default/images/placeholder.png	https://2game.com/us/humankindtm
V Rising - Dracula's Relics Pack	$7.99	https://2game.com/skin/frontend/v53game/default/images/placeholder.png	https://2game.com/us/v-rising-dracula-s-relics-pack
Felix The Reaper	$0.70	https://2game.com/skin/frontend/v53game/default/images/placeholder.png	https://2game.com/us/felix-the-reaper
LEGO® DC Super-Villains Deluxe Edition	$7.34	https://2game.com/skin/frontend/v53game/default/images/placeholder.png	https://2game.com/us/legor-dc-super-villains-deluxe-edition
TEKKEN 8 - Ultimate Edition	$93.49	https://images.2game.com/boxshotcu/76815_CymRSJmQ_full.jpg	https://2game.com/us/tekken-8-ultimate-edition
The Uncertain: Light At The End	$1.50	https://2game.com/skin/frontend/v53game/default/images/placeholder.png	https://2game.com/us/the-uncertain-light-at-the-end
Ship of Fools	$10.12	https://2game.com/skin/frontend/v53game/default/images/placeholder.png	https://2game.com/us/ship-of-fools
Capcom Fighting Collection	$17.40	https://2game.com/skin/frontend/v53game/default/images/placeholder.png	https://2game.com/us/capcom-fighting-collection
HUMANKIND™ - Together We Rule Expansion Pack	$6.12	https://2game.com/skin/frontend/v53game/default/images/placeholder.png	https://2game.com/us/humankindtm-together-we-rule-expansion-pack
GreedFall - Gold Edition	$9.00	https://2game.com/skin/frontend/v53game/default/images/placeholder.png	https://2game.com/us/greedfall-gold-edition
HUMANKIND™ - Cultures of Oceania Pack	$5.42	https://2game.com/skin/frontend/v53game/default/images/placeholder.png	https://2game.com/us/humankindtm-cultures-of-oceania-pack
RESIDENT EVIL 7	$6.96	https://2game.com/skin/frontend/v53game/default/images/placeholder.png	https://2game.com/us/resident-evil-7
Darksiders III Deluxe Edition	$40.49	https://2game.com/skin/frontend/v53game/default/images/placeholder.png	https://2game.com/us/darksiders-iii-deluxe-edition
Brigade E5 - New Jagged Union	$3.47	https://2game.com/skin/frontend/v53game/default/images/placeholder.png	https://2game.com/us/brigade-e5-new-jagged-union
Ship Simulator Extremes: Oceana Cruise Ship DLC	$3.59	https://2game.com/skin/frontend/v53game/default/images/placeholder.png	https://2game.com/us/ship-simulator-extremes-oceana-cruise-ship-dlc
DREDGE	$16.87	https://2game.com/skin/frontend/v53game/default/images/placeholder.png	https://2game.com/us/dredge
House Flipper Pets VR	NULL	https://2game.com/skin/frontend/v53game/default/images/placeholder.png	https://2game.com/us/house-flipper-pets-vr-2001069
Lake - Season's Greetings	NULL	https://2game.com/skin/frontend/v53game/default/images/placeholder.png	https://2game.com/us/lake-season-s-greetings-78323
HUMANKIND™ - Para Bellum Wonders Pack	$1.80	https://2game.com/skin/frontend/v53game/default/images/placeholder.png	https://2game.com/us/humankindtm-para-bellum-wonders-pack
Starry Nights : Helix	$3.55	https://2game.com/skin/frontend/v53game/default/images/placeholder.png	https://2game.com/us/starry-nights-helix
Age of Wonders: Planetfall Premium Edition	$80.99	https://2game.com/skin/frontend/v53game/default/images/placeholder.png	https://2game.com/us/age-of-wonders-planetfall-premium-edition
Safari Venture	NULL	https://2game.com/skin/frontend/v53game/default/images/placeholder.png	https://2game.com/us/safari-venture
Total War: WARHAMMER – The King & the Warlord	$8.09	https://2game.com/skin/frontend/v53game/default/images/placeholder.png	https://2game.com/us/total-war-warhammer-the-king-the-warlord-row
Company of Heroes - Franchise Edition	$62.99	https://2game.com/skin/frontend/v53game/default/images/placeholder.png	https://2game.com/us/company-of-heroes-franchise-edition
The Fridge is Red	NULL	https://2game.com/skin/frontend/v53game/default/images/placeholder.png	https://2game.com/us/the-fridge-is-red
From Space - Mission Pack: Molten Iron	$4.69	https://2game.com/skin/frontend/v53game/default/images/placeholder.png	https://2game.com/us/from-space-mission-pack-molten-iron
The Elder Scrolls Online Upgrade: Necrom	$26.99	https://2game.com/skin/frontend/v53game/default/images/placeholder.png	https://2game.com/us/the-elder-scrolls-online-upgrade-necrom
Ice Lakes	$13.49	https://2game.com/skin/frontend/v53game/default/images/placeholder.png	https://2game.com/us/ice-lakes
Railroad Corporation - All or Nothing DLC	$3.69	https://2game.com/skin/frontend/v53game/default/images/placeholder.png	https://2game.com/us/railroad-corporation-all-or-nothing-dlc
European Fishing	NULL	https://2game.com/skin/frontend/v53game/default/images/placeholder.png	https://2game.com/us/european-fishing
When Ski Lifts Go Wrong	NULL	https://2game.com/skin/frontend/v53game/default/images/placeholder.png	https://2game.com/us/when-ski-lifts-go-wrong
Sonic Mania	$17.99	https://2game.com/skin/frontend/v53game/default/images/placeholder.png	https://2game.com/us/sonic-mania
Warhammer: End Times - Vermintide Schluesselsch...	$2.30	https://2game.com/skin/frontend/v53game/default/images/placeholder.png	https://2game.com/us/warhammer-end-times-vermintide-schluesselschloss
War Mongrels	$38.24	https://2game.com/skin/frontend/v53game/default/images/placeholder.png	https://2game.com/us/war-mongrels-2000369
Lake	NULL	https://2game.com/skin/frontend/v53game/default/images/placeholder.png	https://2game.com/us/lake-2001538
Gas Guzzlers Extreme	$22.49	https://2game.com/skin/frontend/v53game/default/images/placeholder.png	https://2game.com/us/gas-guzzlers-extreme
Shutter Nyan! Enhanced Edition	$13.34	https://2game.com/skin/frontend/v53game/default/images/placeholder.png	https://2game.com/us/shutter-nyan-enhanced-edition
Mafia III: Definitive Edition	$26.99	https://2game.com/skin/frontend/v53game/default/images/placeholder.png	https://2game.com/us/mafia-iii-definitive-edition
Railway Empire: The Great Lakes	$3.52	https://2game.com/skin/frontend/v53game/default/images/placeholder.png	https://2game.com/us/railway-empire-the-great-lakes
Perimeter: Emperor´s Testament	$3.47	https://2game.com/skin/frontend/v53game/default/images/placeholder.png	https://2game.com/us/perimeter-emperor-s-testament
XCOM 2 Reinforcement Pack	$17.99	https://2game.com/skin/frontend/v53game/default/images/placeholder.png	https://2game.com/us/xcom-2-reinforcement-pack
Crusader Kings II: Sunset Invasion	$4.49	https://2game.com/skin/frontend/v53game/default/images/placeholder.png	https://2game.com/us/crusader-kings-ii-sunset-invasion-dlc
Sugar Shack	$15.99	https://2game.com/skin/frontend/v53game/default/images/placeholder.png	https://2game.com/us/sugar-shack
JARS	$0.84	https://2game.com/skin/frontend/v53game/default/images/placeholder.png	https://2game.com/us/jars
Perfect	NULL	https://2game.com/skin/frontend/v53game/default/images/placeholder.png	https://2game.com/us/perfect
Matchpoint - Tennis Championships Legends DLC	$4.30	https://2game.com/skin/frontend/v53game/default/images/placeholder.png	https://2game.com/us/matchpoint-tennis-championships-legends-dlc
Cities: Skylines - Hotels & Retreats	$7.83	https://2game.com/skin/frontend/v53game/default/images/placeholder.png	https://2game.com/us/cities-skylines-hotels-retreats
Pride Run	NULL	https://2game.com/skin/frontend/v53game/default/images/placeholder.png	https://2game.com/us/pride-run
Little Big Workshop	$15.79	https://2game.com/skin/frontend/v53game/default/images/placeholder.png	https://2game.com/us/little-big-workshop
Borderlands 2: Headhunter 2 - Wattle Gobbler	$2.69	https://2game.com/skin/frontend/v53game/default/images/placeholder.png	https://2game.com/us/borderlands-2-headhunter-2-wattle-gobbler
Nippon Marathon	$11.09	https://2game.com/skin/frontend/v53game/default/images/placeholder.png	https://2game.com/us/nippon-marathon
KovaaK’s	NULL	https://2game.com/skin/frontend/v53game/default/images/placeholder.png	https://2game.com/us/kovaak-s
Dandara: Trials of Fear Enhanced Edition	$15.29	https://2game.com/skin/frontend/v53game/default/images/placeholder.png	https://2game.com/us/dandara-trials-of-fear-enhanced-edition
Model Builder: Into The Stars DLC	NULL	https://2game.com/skin/frontend/v53game/default/images/placeholder.png	https://2game.com/us/model-builder-into-the-stars-dlc
DOOM Eternal Year One Pass	$26.99	https://2game.com/skin/frontend/v53game/default/images/placeholder.png	https://2game.com/us/doom-eternal-year-one-pass
Street Fighter V - Champion Edition Upgrade Kit	$21.74	https://2game.com/skin/frontend/v53game/default/images/placeholder.png	https://2game.com/us/street-fighter-v-champion-edition-upgrade-kit
Eternity: The Last Unicorn	$17.39	https://2game.com/skin/frontend/v53game/default/images/placeholder.png	https://2game.com/us/eternity-the-last-unicorn
In Fear I Trust - Episode 4	$3.47	https://2game.com/skin/frontend/v53game/default/images/placeholder.png	https://2game.com/us/in-fear-i-trust-episode-4
Sudden Strike 4: Road to Dunkirk	$3.52	https://2game.com/skin/frontend/v53game/default/images/placeholder.png	https://2game.com/us/sudden-strike-4-road-to-dunkirk
The Guild 2	$8.09	https://2game.com/skin/frontend/v53game/default/images/placeholder.png	https://2game.com/us/the-guild-2-steam
Sudokuball Detective	NULL	https://2game.com/skin/frontend/v53game/default/images/placeholder.png	https://2game.com/us/sudokuball-detective
Citadel of Chaos (Fighting Fantasy Classics)	NULL	https://2game.com/skin/frontend/v53game/default/images/placeholder.png	https://2game.com/us/citadel-of-chaos-fighting-fantasy-classics
Trial of Champions (Fighting Fantasy Classics)	NULL	https://2game.com/skin/frontend/v53game/default/images/placeholder.png	https://2game.com/us/trial-of-champions-fighting-fantasy-classics
Kingdom Imperial Collection	NULL	https://2game.com/skin/frontend/v53game/default/images/placeholder.png	https://2game.com/us/kingdom-imperial-collection
Soul of Giga	NULL	https://2game.com/skin/frontend/v53game/default/images/placeholder.png	https://2game.com/us/soul-of-giga
Captain Tsubasa: Rise of New Champions	$33.59	https://2game.com/skin/frontend/v53game/default/images/placeholder.png	https://2game.com/us/captain-tsubasa-rise-of-new-champions
Giana Sisters: Twisted Dreams	$11.84	https://2game.com/skin/frontend/v53game/default/images/placeholder.png	https://2game.com/us/giana-sisters-twisted-dreams
Homeworld: Deserts of Kharak	$3.95	https://2game.com/skin/frontend/v53game/default/images/placeholder.png	https://2game.com/us/homeworld-deserts-of-kharak
Hamilton's Great Adventure: Retro Fever	NULL	https://2game.com/skin/frontend/v53game/default/images/placeholder.png	https://2game.com/us/hamilton-s-great-adventure-retro-fever
Warhammer® 40,000®: Space Marine®: Power Sword DLC	$2.69	https://2game.com/skin/frontend/v53game/default/images/placeholder.png	https://2game.com/us/warhammerr-40-000r-space-mariner-power-sword-dlc
How to Survive	$11.99	https://2game.com/skin/frontend/v53game/default/images/placeholder.png	https://2game.com/us/how-to-survive
Urban Trial Freestyle	$0.62	https://2game.com/skin/frontend/v53game/default/images/placeholder.png	https://2game.com/us/urban-trial-freestyle
Going Medieval - Early Access	NULL	https://2game.com/skin/frontend/v53game/default/images/placeholder.png	https://2game.com/us/going-medieval-early-access
The Lamplighters League - Deluxe Edition	$51.99	https://2game.com/skin/frontend/v53game/default/images/placeholder.png	https://2game.com/us/the-lamplighters-league-deluxe-edition
Hokko Life	$17.59	https://2game.com/skin/frontend/v53game/default/images/placeholder.png	https://2game.com/us/hokko-life
Sniper Ghost Warrior Contracts	$26.99	https://2game.com/skin/frontend/v53game/default/images/placeholder.png	https://2game.com/us/sniper-ghost-warrior-contracts
REMEDIUM: Sentinels	NULL	https://2game.com/skin/frontend/v53game/default/images/placeholder.png	https://2game.com/us/remedium-sentinels
Surviving: Mars	$26.99	https://2game.com/skin/frontend/v53game/default/images/placeholder.png	https://2game.com/us/surviving-mars-pre-order
The Ascent - Cyber Heist	NULL	https://2game.com/skin/frontend/v53game/default/images/placeholder.png	https://2game.com/us/the-ascent-cyber-heist
Grand Theft Auto Online: Bull Shark Cash Card	$8.99	https://2game.com/skin/frontend/v53game/default/images/placeholder.png	https://2game.com/us/grand-theft-auto-online-bull-shark-cash-card
Shame Legacy	$21.24	https://2game.com/skin/frontend/v53game/default/images/placeholder.png	https://2game.com/us/shame-legacy-2000892
Love Too Easily	$19.79	https://2game.com/skin/frontend/v53game/default/images/placeholder.png	https://2game.com/us/love-too-easily
Park Beyond Visioneer Edition	$67.19	https://2game.com/skin/frontend/v53game/default/images/placeholder.png	https://2game.com/us/park-beyond-visioneer-edition
Surviving Mars: Martian Express	$6.29	https://2game.com/skin/frontend/v53game/default/images/placeholder.png	https://2game.com/us/surviving-mars-martian-express
Little Nightmares	$16.79	https://2game.com/skin/frontend/v53game/default/images/placeholder.png	https://2game.com/us/little-nightmares
Runaway: The Dream of the Turtle	$4.49	https://2game.com/skin/frontend/v53game/default/images/placeholder.png	https://2game.com/us/runaway-the-dream-of-the-turtle
